Country,Sex,Age,Injury,Fatal Y/N,Injury Severity,DD,MM,YYYY
Australia,M,44,Severe injuries to lower limbs,N,Unknown,25,Aug,2023
Bahamas,M,25,Body found with shark bites. Possible drowning. Cause of Death Unknown,Y,Death,21,Aug,2023
Bahamas,F,73,Calf severely bitten,N,Severe injury,07,Jun,2023
Seychelles,M,6,Left foot bitten,N,Minor injury,02,Mar,2023
Argentina,M,32,Death by misadventure,Y,Death,18,Feb,2023
Costa Rica,F,50,Right forearm and left hand injured,N,Unknown,08,Feb,2022
Brazil,M,11,Minor cuts to left thigh,N,Minor injury,15,Nov,2021
Australia,M,26,Disappeared,N,Unknown,16,Oct,2021
Egypt,M,26,Laceration to arm caused by metal object,N,Minor injury,10,Sep,2021
Australia,F,26,,N,Unknown,06,Jun,2020
French Polynesia,F,35,Severe injuries to arms and chest,N,Unknown,21,Oct,2019
Australia,F,26,Lacerations to lower leg,N,Minor injury,28,Jul,2019
Bahamas,M,50,Injuries to left lower leg,N,Unknown,17,Jun,2019
USA,F,26,Single laceration to right thigh inconsistent with shark bite,N,Minor injury,16,Jul,2018
Colombia,M,62,"Autopsy confirmed death by drowning, shark bite were post-mortem",Y,Death,15,Jul,2018
Brazil,M,34,"Multiple severe injuries to arms and leg, leg subsequently surgically amputated",N,Unknown,15,Apr,2018
South Africa,M,31,"FATAL, but death was probably due to drowning",Y,Death,01,Oct,2017
USA,M,33,"Lacerations to right ankle, foot & toe",N,Minor injury,24,Sep,2017
South Africa,M,25,"FATAL, but death was probably due to drowning",Y,Death,15,Sep,2017
Spain,F,11,Lacerations to left foot,N,Minor injury,26,Aug,2017
USA,M,10,Abrasions and cuts to sole of foot,N,Minor injury,29,Jul,2017
USA,F,8,Foot injured,N,Unknown,20,Jul,2017
USA,M,26,"Arm injured by hook, not by a shark",N,Unknown,29,Jun,2017
USA,F,18,"Laceration to thigh, likely caused by surfboard fin",N,Minor injury,03,May,2017
USA,F,26,Alleged laceration to left ankle,N,Minor injury,26,Apr,2017
USA,M,26,Laceration & puncture wounds to left foot,N,Minor injury,20,Apr,2017
South Africa,M,68,"Fatal, coroner unable to determine if the diver was alive or had drowned when incident took place.",Y,Death,12,Apr,2017
Australia,M,35,"No attack, shark made a threat display",N,Unknown,08,Jan,2017
Australia,M,20,Minor injuries to foot & toes,N,Unknown,03,Jan,2017
USA,M,19,Cuts to right ankle & foot,N,Minor injury,11,Dec,2016
Mexico,M,26,"Shark breached cage, no injury to diver",N,No injury,13,Oct,2016
USA,M,27,"No injury, board damaged",N,No injury,07,Jun,2016
Australia,M,26,"No injury, but sharks repeatedly hit their fins and guns",N,No injury,02,Jun,2016
Cape Verde,M,60,"""Serious""",N,Unknown,08,Apr,2016
USA,M,26,Fell off board when spinner shark leapt from the water next to him. No injury to surfer,N,No injury,07,Apr,2016
USA,M,15,Minor injury to arm. Possibly caused by smalll nurse shark,N,Unknown,28,Mar,2016
Cayman Islands,M,65,Minor injury to wrist from Southern stingray,N,Unknown,10,Feb,2016
Australia,M,26,"No injury, knocked off board",N,No injury,10,Feb,2016
USA,F,9,Lower left leg injured,N,Unknown,07,Nov,2015
USA,M,32,Left foot bitten by eel,N,Minor injury,17,Oct,2015
USA,M,26,Wound to right lower leg,N,Unknown,22,Aug,2015
Spain,M,10,Minor injury when he attempted to touch a fish. ,N,Unknown,18,Aug,2015
Australia,M,40,Injury to hand,N,Unknown,27,Jul,2015
USA,F,35,"2' cut to dorsum of foot, 2 puncture wounds to sole",N,Unknown,26,Jul,2015
USA,M,39,Laceration to back,N,Minor injury,08,Jul,2015
French Polynesia,M,26,Parallel lacerations to torso inconsistent with shark bite,N,Minor injury,06,Jul,2015
USA,F,26,Minor lacerations to leg,N,Minor injury,26,Jun,2015
Italy,M,43,"FATAL, but shark involvement prior to death unconfirmed",Y,Death,29,Mar,2015
Brazil,M,23,Injury to left thigh from unidentified species of fish; injuries inconsistent with shark bite,N,Minor injury,31,Mar,2015
Australia,F,26,Board snapped in two,N,Unknown,19,Jan,2015
USA,M,38,"During his 16-hour swim to shore, he was circled by a shark but it did not injure him",N,Unknown,08,Jan,2015
USA,M,26,"A hoax, no shark involvement",N,Unknown,13,Sep,2014
Bahamas,M,63,"Missing after a dive, shark involvement considered probable, but not confirmed",N,Unknown,13,Jul,2014
USA,M,26,"No injury. No attack. 12' white shark appeared curious, not aggressive & departed when prodded by spear",N,No injury,10,May,2014
Australia,M,38,Shark bites may have been post mortem,N,Minor injury,29,Mar,2014
Australia,F,10,"Injuries to wrist/hand by a mackerel, not a shark",N,Unknown,18,Mar,2014
Cayman Islands,M,26,"Caribbean reef shark buzzed him. No injury, no attack. ",N,No injury,13,Mar,2014
USA,F,47,"Puncture wound to torso. Reported as a bite by a leopard shark, the tooth fragment appears to be that of a bony fish",N,Minor injury,29,Aug,2013
Spain,M,48,"Scrape to right forearm. Frennet says inflicted by a blue shark, but authorities question shark involvement",N,Unknown,07,Jul,2013
Jamaica,M,20,Probable drowning with post-mortem bites,N,Minor injury,27,Jun,2013
USA,M,42,Shark bites were post-mortem,N,Minor injury,08,May,2013
Australia,M,24,Disappeared. No evidence that he was taken by a shark,N,Unknown,02,Apr,2013
Australia,M,47,Never happened; it was a  hoax,N,Unknown,31,Mar,2013
Australia,M,62,"No injury, a 3 m blue shark merely snapped at the man.",N,No injury,21,Jan,2013
Australia,M,20,"Injury to ankle caused  by a stingray, not a shark",N,Unknown,27,Nov,2012
USA,M,26,Laceration to toe,N,Minor injury,16,Oct,2012
USA,M,12,Shark involvement unconfirmed,N,Unknown,24,Jul,2012
Trinidad & Tobago,M,24,Probable drowning with post-mortem bite,N,Minor injury,21,Jul,2012
Canada,F,23,"Lacerations to 2 fingers, but shark involvement unconfirmed",N,Minor injury,19,Jul,2012
Australia,F,42,Cause of death was drowning & preceded shark involvement,Y,Death,07,Jul,2012
USA,M,16,"Laceration to foot. Injured by a stingray, not a shark",N,Minor injury,19,Jun,2012
Saudi Arabia,M,42,Harassed by sharks but not injured by them,N,No injury,03,Mar,2012
Antigua,M,26,Bitten on right hand & wrist,N,Minor injury,26,Dec,2011
South Africa,M,26,"No injury, ski damaged",N,No injury,07,Dec,2011
USA,M,27,Lacerations to lower right leg ,N,Minor injury,30,Sep,2011
Australia,M,48,FATAL,Y,Death,28,Aug,2011
USA,M,12,Abrasions to left hand,N,Unknown,17,Aug,2011
Brazil,M,14,Cause of death may have been drowning; remains scavenged by sharks,Y,Death,31,Jul,2011
UAE,M,43,"Erroneously reported on several internet sites as a ""shark attack"", it was the shark 8', 300-kg mako shark that was attacked, not the fisherman",N,Unknown,07,May,2011
Egypt,F,26,"Apparent drowning, and subsequent scavenging by 16' tiger shark",N,Unknown,10,Mar,2010
Australia,F,7,Lacerations to both legs,N,Minor injury,20,Jan,2011
Australia,M,26,Death may have been due to drowning,Y,Death,27,Nov,2010
Bahamas,M,43,"His partial remains were recovered from a 12' tiger shark on September 5, 2010. Cause of death was thought to be drowning",Y,Death,29,Aug,2010
USA,F,26,Minor abrasions to legs when she was lifted on the back of a large marine animal,N,Unknown,05,Aug,2010
Guam,M,31,Shark bites were post-mortem,N,Minor injury,04,Feb,2010
South Africa,M,26,"Minor lacerations to left leg. nitially reported as a shark bite, but involved a barracuda",N,Minor injury,18,Dec,2009
USA,M,49,Puncture wounds to right foot,N,Unknown,25,Nov,2009
Nevis,M,26,Death was due to drowning. Two days later his remains were recovered from a 12' tiger shark,Y,Death,02,Sep,2009
Spain,F,11,Laceration to left foot,N,Minor injury,24,Jul,2009
USA,M,26,Puncture wounds to foot,N,Unknown,21,Jun,2009
USA,M,14,2-inch laceration to upper left arm,N,Minor injury,16,Jun,2009
USA,M,49,Missing,N,Unknown,11,Apr,2009
South Africa,M,24,Body not recovered,N,Unknown,06,Apr,2009
Brazil,M,17,Probable drowning with post-mortem bites,N,Minor injury,26,Jan,2009
Brazil,M,17,"Drowned, body scavenged by shark",N,Unknown,23,Jan,2009
USA,M,27,Death was probably due to drowning,Y,Death,30,Aug,2008
USA,F,20,Calf bitten,N,Minor injury,24,Aug,2008
USA,M,7,Minor injuries,N,Unknown,18,Aug,2008
USA,M,52,"Bruises, abrasions and some spinal and nerve damage when collided with marine animal, possibly a shark or dolphin.",N,Unknown,13,Jul,2008
USA,M,53,Probable drowning with post-mortem bites,N,Minor injury,28,Jun,2008
South Africa,M,26,"As he pushd the shark away from his camera, his finger was cut on a tooth",N,Unknown,19,Apr,2008
Mexico,M,32,Probable drowning with post-mortem bites,N,Minor injury,18,Apr,2008
Australia,M,19,2 puncture wounds to leg,N,Unknown,17,Apr,2008
Japan,M,26,"No injury, captive shark attempted to bite diver's arm PROVOKED INCIDENTt",N,Minor injury,,,2008
New Zealand,M,26,"Stingray envenomation, not a shark",N,Unknown,19,Jan,2008
British Virgin Islands,M,53,Shark bites were post-mortem,N,Minor injury,19,Dec,2007
Australia,M,34,Lacerations to left forearm,N,Minor injury,14,Dec,2007
Mexico,M,26,White shark breached cage. No injury to occupants,N,No injury,,November,2011
USA,F,26,Shark involvement prior to death unconfirmed,Y,Death,22,Sep,2007
USA,F,43,Foot injured. Shark involvment uncomfirmed,N,Unknown,17,Jul,2007
USA,F,9,Superficial injuries to upper leg may have been caused by surfboard fin,N,Unknown,17,Jun,2007
Australia,M,45,Shark involvement prior to death unconfirmed,Y,Death,08,May,2007
Costa Rica,M,36,Death due to drowning. Shark bite may have been postmortem,Y,Death,04,Feb,2007
Australia,M,20,Shark involvement prior to death unconfirmed,Y,Death,19,Jan,2007
USA,M,54,No injury,N,No injury,07,Jan,2007
French Polynesia,M,26,Scratch on face PROVOKED INCIDENT,N,Unknown,,,2007
South Africa,M,36,No injury; 4m white shark made a threat display,N,No injury,30,Sep,2006
Australia,M,44,"Killed by a stingray, not a shark - a tragedy for his family and marine wildlife",N,Unknown,04,Sep,2006
Brazil,M,17,Shark bites may have been post mortem,N,Minor injury,22,Aug,2006
Belize,M,34,Shark involvement prior to death not confirmed,Y,Death,22,Aug,2006
Spain,F,7,Hand & wrist severely bitten,N,Severe injury,13,Jul,2006
USA,M,26,Shark bites post mortem,N,Minor injury,23,Apr,2006
South Africa,M,17,"FATAL, but shark involvement prior to death unconfirmed",Y,Death,22,Mar,2006
USA,M,45,Forensic examination suggested diver drowned & afterwards his body was bitten by a shark/s,N,Minor injury,23,Feb,2006
Bahamas,M,26,"No injury, divers felt threatened by 10' pregnant female tiger shark & killed the shark",N,No injury,11,Jan,2006
USA,M,26,Lacerations to dorsum of left foot,N,Minor injury,22,Sep,2005
USA,M,17,"Laceration to knee, possibly by a  small blacktip shark",N,Minor injury,22,Aug,2005
Seychelles,M,26,"FATAL, shark involvement prior to death is unconfirmed",Y,Death,1,Aug,2005
USA,M,25,"Straight 2.5"" laceration on top of left ankle",N,Minor injury,22,Jul,2005
Liberia,M,26,Presumed to have drowned until his body washed ashore 2 weeks later with shark bites,N,Minor injury,17,Jul,2005
USA,M,49,"No injury, 2.1m [7'] tiger shark approached swimmer who repelled it with his fist",N,No injury,18,Jun,2005
USA,M,17,Dorsum of foot/ankle  injured by surfboard skeg or other inanimate object.,N,Unknown,05,Jun,2005
USA,M,52,Foot injured ,N,Unknown,09,Apr,2005
Honduras,F,26,"Laceration on siide of calf, small laceration on thigh, large bruise on other leg inside the knee, knuckle of hand abraded",N,Minor injury,06,Apr,2005
South Africa,M,51,Bites by 2.5 m tiger shark were post mortem,N,Minor injury,10,Mar,2005
Sri Lanka,F,11,No injury,N,No injury,26,Dec,2004
USA,M,26,Minor scratch on calf,N,Unknown,10,Sep,2004
Australia,M,26,"No injury, shark made threat displays & diver fended it off with his speargun",N,No injury,26,Jun,2004
USA,M,9,Single puncture wound on the foot,N,Unknown,22,May,2004
USA,F,22,"Disappeared, surfboard washed ashore, marks on leash suggested shark involvement ",N,Unknown,04,Apr,2004
Australia,M,31,"Disappeared while diving, may have suffered shallow water blackout. Searchers observed large tiger sharks & whaler sharks in the area",N,Unknown,16,Feb,2004
New Zealand,M,26,"No injury, swim fin damaged",N,No injury,22,Jan,2004
New Zealand,M,26,"No injury, no attack, shark took fish from back of kayak",N,No injury,03,Jan,2004
USA,M,28,Knee lacerated,N,Unknown,26,Dec,2003
USA,M,56,Left forearm lacerated,N,Unknown,24,Oct,2003
USA,F,9,Puncture wounds on inner thigh,N,Unknown,14,Sep,2003
USA,M,31,Left ankle lacerated,N,Unknown,12,Aug,2003
USA,F,22,Foot lacerated,N,Unknown,,Jun,2003
South Africa,M,14,Probable scavenging. The boy disappeared while at the beach on January 1st. His decomposed shark-bitten body washed ashore January 17th,N,Minor injury,17,Jan,2003
Australia,M,11,Foot lacerated,N,Unknown,20,Dec,2002
Australia,M,52,"Drowned, his remains were found in a 3m [10'], 368 kg [811-lb] tiger shark",N,Unknown,21,Apr,2002
New Caledonia,M,44,"PRESUMED FATAL, body not recovered",Y,Death,03,Mar,2002
Australia,M,26,"No injury, fell off ski after possibly colliding with  a shark",N,No injury,07,Nov,2001
Australia,M,75,Remains recovered from gut of a  3.7 m [12'] tiger shark,N,Unknown,09,Jun,2001
Madagascar,M,26,Fatal or drowned & remains scavenged by shark,Y,Death,11,May,2001
Brazil,M,12,Lacerations below the knee,N,Minor injury,08,Mar,2001
Malaysia,F,26,Bones recovered by fishermen in 300-kg [662-lb] white shark’s gut,N,Unknown,11,Feb,2001
Australia,M,47,"Missing, thought to have been taken by a shark",N,Unknown,20,Nov,2000
USA,F,27,No injury,N,No injury,10,Nov,2000
USA,M,26,Non-fatal,Y,Death,11,Aug,2000
USA,M,22,Shark involvement probably post-mortem,N,Unknown,10,Aug,2000
New Zealand,M,27,Reported as shark attack but probable drowning ,N,Unknown,03,Mar,2000
USA,M,26,"Presumed taken by a shark,  but forensic evidence suggested otherwise.",N,Unknown,14,Dec,1999
Australia,F,37,"Cut foot, but injury caused by fishing line, not the shark",N,Unknown,03,Jan,1999
USA,M,26,Abrasions,N,Unknown,,,1999
Australia,M,31,"Missing, thought to have been taken by a shark",N,Unknown,28,Jan,1998
USA,F,29,"Ankle bitten, but shark involvement unconfirmed",N,Minor injury,25,Dec,1997
Australia,M,21,5 m white shark obsrved feeding on remains 6 days later,N,Unknown,05,Nov,1997
Mexico,M,28,FATAL,Y,Death,14,Aug,1997
USA,F,28,Minor injuries to foot,N,Unknown,01,Sep,1996
USA,M,26,Minor injury,N,Unknown,25,Nov,1995
USA,M,9,Laceration to lower leg,N,Minor injury,03,Sep,1995
USA,M,15,Death resulted fom drowning; tiger shark bites were post-mortem,Y,Death,13,Aug,1995
Tonga,M,26,Finger broken when 1.8 m [6'] hooked grey reef shark  grabbed his catch,N,Unknown,01,Aug,1995
USA,M,26,Torso bitten by 4 m [13'] white shark,N,Minor injury,,Aug,1995
USA,M,12,"Dorsum of right hand bitten, a probable bluefish bite",N,Minor injury,16,Apr,1995
South Africa,M,33,Reportedly lost lower right leg as result of shark bite,N,Minor injury,,,1995
USA,M,26,Death resulted fom drowning; shark bites were post-mortem,Y,Death,,,1995
Australia,M,44,Shark scavenged on his corpse,N,Unknown,09,Dec,1994
USA,F,25,Not a shark attack; possibly murder. Body recovered 4-16-1994 minus severed leg. Blue shark bites were post-mortem,N,Severe injury,16,Apr,1994
Australia,M,32,No injury ,N,No injury,,Apr,1993
USA,M,26,Body recovered next morning. Injuries appeared to be inflicted post mortem,N,Unknown,21,Aug,1992
USA,M,26,No details,N,Unknown,,Aug,1992
USA,M,26,"Death due to drowning. His body, tied to floating ice chest, had 2 small post-mortem bites due to cookie cutter shark",Y,Death,23,Jul,1992
USA,M,45,Disappeared. His ripped dive jacket was recovered,N,Unknown,31,May,1992
Australia,M,19,"No injury, shark allegedly took his surfboard & slashed his wetsuit. Shark involvement questionable",N,No injury,09,Feb,1992
Bahamas,M,32,"Initally reported as a shark attack, forensic examination concluded cause of death was drowning",Y,Death,19,Sep,1991
South Africa,M,26,Survived,N,Unknown,26,Dec,1990
USA,M,30,"Disappeared, body recovered with large bite on thigh",N,Minor injury,30,Aug,1990
Australia,M,27,"Swept out to sea, feared taken by shark",N,Unknown,02,Dec,1989
USA,M,26,Lower porton of body recovered 3 days later. Note: rare sighting of shark made at same beach on 11-5-1989 ,N,Unknown,12,Nov,1989
USA,M,26,"Disappeared 15 minutes into shallow dive. Decapitated body minus arm found by divers the following morning, then a large tiger shark appeared and consumed most of remains",N,Unknown,14,Oct,1989
USA,M,49,FATAL,Y,Death,08,Oct,1989
Bermuda,M,35,FATAL,Y,Death,27,Jul,1989
Japan,M,26,"Doubtful incident, needs investigation",N,Unknown,,Jun,1989
USA,M,24,Reported by media as shark attack but forensic evidence indicated the kayaker died prior to any shark involvement,Y,Death,26,Jan,1989
USA,M,26,"Human remains, believed to be those of Mr. Goo, washed ashore along the Waihee shore several days later",N,Unknown,15,Apr,1988
South Africa,F,26,"Arm washed ashore. scratch marks on the humerus indicated it had been bitten by a shark, but cause of death could not be determined.",Y,Death,10,Apr,1988
South Africa,M,22,Minor injury to leg,N,Unknown,27,Jan,1988
Australia,M,26,His remains were recovered from a shark caught by  the trawler Ho Tai No.12 in March 1988,N,Unknown,21,Jan,1988
Australia,F,17,"Remains recovered from 4 m, 420-kg, caught 13-Dec-1987k",N,Unknown,13,Dec,1987
South Africa,M,26,Possible drowning / scavenging,N,Uncertain,,Nov,1987
South Africa,M,14,Abrasion to forearm,N,Unknown,25,Oct,1987
South Africa,M,26,"Slipped off rocks & was treading water when he disappeared, body mutilated by shark/s",N,Unknown,19,Apr,1987
Montenegro,M,26,FATAL,Y,Death,,,1987
South Africa,M,22,"No injury, no attack, 1.8 m copper shark made threat displays",N,No injury,04,Dec,1986
South Africa,M,35,"No injury, shark made threat display & impaled itself on spear ",N,No injury,10,Aug,1986
South Africa,M,21,Probable drowning / scavenging,N,Unknown,08,Sep,1985
USA,M,17,Found to be a hoax,N,Unknown,05,Sep,1985
USA,M,11,"3"" wound on thigh",N,Unknown,20,Aug,1985
USA,M,67,Body not recovered. 3 days later some of his equipment was found on seabed appeared damaged by a shark ,N,Unknown,17,Aug,1985
South Africa,M,26,Probable drowning / scavenging,N,Unknown,18,Jan,1985
USA,M,22,"Disappeared, 1 mile from where Sandra Fletcher was bitten. Death was due to drowning",Y,Death,21,Oct,1984
USA,F,77,"10"" laceration on leg",N,Minor injury,17,Oct,1984
USA,F,31,Death was due to drowning; body scavenged by a tiger shark,Y,Death,24,Aug,1984
South Africa,M,21,"FATAL, but shark involvement prior to death could not be determined",Y,Death,22,Jul,1984
Somalia,M,26, Forced at gunpoint to jump overboard. Presumed fatal; shark involvement probable but not confirmed ,Y,Death,17,Mar,1984
Greece,M,36,"Coroner determined the man was killed by a boat propeller, not a tiger shark",N,Unknown,30,Dec,1983
South Africa,M,26,"Two feet found in 1.74 m, 115-kg Zambesi shark, confirmed as a postmortem scavenging",N,Unknown,07,Dec,1983
South Africa,F,26,Probable drowning and scavenging,N,Unknown,10,Nov,1983
Italy,M,26,"No injury, 3 m shark ""harassed"" him at depth of 5 m",N,No injury,15,Jun,1983
South Africa,M,26,Survived,N,Unknown,02,Apr,1983
South Africa,M,26,FATAL,Y,Death,15,Jan,1983
USA,M,25,"Remains recovered from 2.7 m tiger shark, but shark involvement prior to death unknown",Y,Death,04,Sep,1982
USA,M,17,"No Injury, board bitten",N,Minor injury,29,Aug,1982
South Africa,M,20,"No injury, swim fin bitten",N,Minor injury,31,Jul,1982
USA,M,43,Laceration to left thigh,N,Minor injury,11,Jul,1982
USA,F,33,Human remains recovered from tiger shark,N,Unknown,,May,1982
USA,M,26,Disappeared while fishing from shore. Leg found 7 days later wedged in rocks 150 yards offshore,N,Unknown,24,Aug,1981
USA,M,26,"Probable drowning, 1.2 m [4'] shark hindered recovery of body",N,Unknown,12,Jun,1981
South Africa,M,23,Probable drowning & scavenging by 1.5 m tiger shark,N,Unknown,01,Jan,1981
South Africa,M,26,Probable  drowning & scavenging,N,Unknown,17,Nov,1980
Greece,M,26,Knee bitten,N,Minor injury,,,1980
South Africa,M,20,No injury; 2 m shark made threat display and impaled itself on spear,N,No injury,,,1980
USA,M,36,"FATAL, but shark involvement prior to death was not determined",Y,Death,27,May,1979
South Africa,M,26,FATAL or scavenging by 3 m tiger shark (may have involved foul play),Y,Death,21,Oct,1978
South Africa,M,26,"Human head recovered from 3 m [10'] tiger shark’s gut, probable drowning / scavenging",N,Unknown,06,Jan,1978
USA,M,17,Lacerations to hip and leg,N,Minor injury,05,Aug,1977
Australia,M,26,"Missing, believed taken by a shark",N,Unknown,16,May,1977
Australia,M,26,Shark involvement prior to death was unconfirmed,Y,Death,04,Feb,1977
South Africa,M,17,Laceration to foot,N,Minor injury,23,Nov,1976
USA,M,26,"""Tooth marks"" in left leg",N,Unknown,21,Oct,1975
Italy,M,37,The press reported this as an attack by a white shark but the diver was the agressor,N,Unknown,25,Apr,1975
South Africa,M,26,Probable drowning / scavenging,N,Unknown,18,Apr,1975
South Africa,M,26,Probable drowning / scavenging by a white shark,N,Unknown,29,Mar,1975
Mozambique,F,20,Feet injured,N,Unknown,04,Sep,1972
Croatia,M,26,FATAL,Y,Death,,,1971
USA,M,26,"Swept out to sea,  5.5 m [18'] shark seen in the vicinity, body not recovered. ",N,Unknown,31,Mar,1970
Australia,M,26,No injury,N,No injury,22,Apr,1969
Australia,M,52,No details,N,Unknown,,Feb,1969
South Africa,M,26,No injury,N,No injury,29,Dec,1968
South Africa,M,30,No injury,N,No injury,,Dec,1968
Mexico,M,43,No injury,N,No injury,,Jul,1968
USA,M,63,Foot severely injured,N,Unknown,29,Apr,1968
USA,M,28,No injury,N,No injury,,Mar,1968
Papua New Guinea,M,32,No injury,N,No injury,21,Dec,1967
South Africa,F,26,"Bones and brightly colored bangles recovered  3.35 m, 145.5-kg tiger shark’s gut ",N,Unknown,,Nov,1967
USA,M,26,Remains found in a 3.4 m (11') tiger shark. Probable drowning & scavenging,N,Unknown,20,Sep,1967
Italy,M,21,"Diver shot the shark, then it injured his arm and broke his leg with its tail.  PROVOKED INCIDENT",N,Unknown,13,Sep,1967
Australia,M,19,"Disappeared, no trace of men or equipment, shark attack considered",N,Unknown,10,Aug,1967
USA,M,18,Incident not confirmed,N,Unknown,,Jul,1967
Australia,M,26," The 2.9 m [9.5'] shark never made contact with him. No attack, no injury.",N,No injury,18,Sep,1966
Bahamas,M,26,"2.4 to 3 m [8' to 10'] oceanic whitetip shark  buzzed him. No attack, no injury",N,No injury,,,
South Africa,M,26,"No attack, no injury to occupant: a 400-lb grey shark bit nets in the water ",N,No injury,27,Aug,1966
USA,M,26,"No attack, no injury, shark took speared fish & approached diver closely ",N,No injury,,,
USA,M,46,No injury. A 1.1 m [3.5'] blacktip shark shark made a threat display & bit gig,N,No injury,03,Jul,1966
USA,M,24,"White shark, 3.7 m [12']  made threat display. No injury, no attack",N,No injury,16,May,1966
USA,F,15,Minor lacerations & abrasions to lower leg. ,N,Minor injury,,,
Philippines,M,26,"One man was lost, but he may have drowned",N,Unknown,30,Aug,1965
USA,M,6,Parallel lacerations on right calf. Thought to be a barracuda bite ,N,Minor injury,19,Jun,1965
USA,M,26,"No injury, chased by 4.6 m [15'] oceanic whitetip sharks",N,No injury,18,Jun,1965
USA,M,19,Drowned & his body was not recovered. Sharks seen in area later that day but no shark involvement in surfer's death,Y,Death,25,Apr,1965
USA,M,26,"All 16 onboard perished, recovery efforts hampered by sharks",N,Unknown,23,Mar,1965
USA,M,21,"Puncture marks on chest may have been post mortem, 4 other bodies in area were undamaged",N,Unknown,25,Jan,1965
USA,M,18,3 m to 3.7 m [10' to 12']  great hammerhead shark shark only made a threat display. No injury,N,No injury,22,Aug,1964
USA,F,29,"Disappeared, probable drowning but sharks in area led to speculation that she was taken by a shark",N,Unknown,28,Jun,1964
South Africa,M,40,"Skeletonized, except for head & feet. Possibly a drowning / scavenging",N,Unknown,02,Jun,1964
Australia,M,23,Body not recovered  / May have drowned prior to shark involvement,N,Unknown,02,Feb,1964
New Zealand,M,26,No injury,N,No injury,,Jan,1964
Atlantic Ocean,F,26,"One woman reported to have suffered fish bites, but cause of her death was exposure & drowning""",Y,Death,22,Dec,1963
USA,M,26,3 lacerations below right knee,N,Minor injury,18,May,1963
USA,M,26,"May have drowned prior to shark involvement, partial remains recovered",N,Unknown,08,Apr,1963
USA,M,26,Two shark-bitten lifejackets were recovered leading to speculation that sharks took at least 2 of the 39 missing crewmen,N,Minor injury,04,Feb,1963
Australia,M,25,"9' shark in area when he disappeared, body not recovered",N,Unknown,26,Jan,1963
Australia,M,26,"Skeletonized, except for head & feet. Possible drowning / scavenging",N,Uncertain,25,Nov,1962
USA,F,43,Drowned due to CO2 poisoning - Post Mortem scavanging by blue shark,N,Unknown,06,Oct,1962
USA,M,26,FATAL,Y,Death,25,Jun,1962
South Africa,M,40,Possible drowning / post mortem scavenging by Zambesi shark,N,Uncertain,18,Jan,1962
Australia,M,25,"Remains recovered from 10' shark, but shark involvement prior to death unconfirmed",Y,Death,08,Jan,1962
USA,M,45,"Skeletonized, but shark involvement may have occurred after death.",Y,Death,09,Oct,1961
USA,M,10,Abdomen abraded,N,Unknown,30,Apr,1961
USA,M,26,Considered a doubtful incident,N,Unknown,,Feb,1961
USA,F,51,"FATAL, probable drowning & post mortem scavenging",Y,Death,22,Nov,1960
Australia,M,24,"Swept off rocks & presumed to have drowned, shark seen in area",N,Unknown,01,Oct,1960
USA,M,26,"Apparently went missing while diving. Helicopter searching for him spotted school of sharks attacking a ""white object"" 15' below the surface",N,Unknown,,Oct,1960
Johnston Island,M,37,"No injury, shark made threat display",N,No injury,,Oct,1960
Marshall Islands,M,26,"No injury, shark made a threat display",N,No injury,02,Sep,1960
Marshall Islands,M,26,"No injury, shark made a threat display",N,No injury,01,Sep,1960
USA,M,26,"Partial human remains spotted by helicopter, shark involvement, if any, may have been post-mortum",N,Unknown,25,Aug,1960
USA,M,39,"Legs & arms bitten, coroner unable to determine if injuries occurred before death.",Y,Death,07,Jun,1960
Bermuda,M,28,"No injury, 5 sharks bumped raft",N,No injury,14,Apr,1960
USA,M,36,Left forearm lacerated,N,Unknown,27,Feb,1960
Caribbean Sea,M,26,"Questionable. Recovered flight gear was ""completely shredded by sharks"" but pilot may have died when plane hit the water,",Y,Death,,,
Australia,M,26,"No injury, shark made threat display, one diver shot shark in jaw, then they killed shark with knives  ",N,No injury,07,Dec,1959
Bermuda,F,29,"Murdered, body scavenged by sharks",N,Unknown,27,Sep,1959
USA,M,26,No injury,N,No injury,02,Sep,1959
Australia,M,26,No injury,N,No injury,30,Aug,1959
Japan,M,14,Survived (no injury?),N,No injury,25,Aug,1959
Philippines,M,10,"Navy personnel reported that his body was ""mutilated by sharks"" but it is probable that death resulted from drowning",Y,Death,20,Aug,1959
USA,M,21,No injury,N,No injury,15,Aug,1959
USA,M,26,"No injury, no attack, the 10' shark merely circled him.",N,No injury,05,Aug,1959
Italy,M,26,Probable drowing. Shark involvement unconfirmed,N,Unknown,,,2176
Australia,M,22,Thigh lacerated,N,Unknown,27,Apr,1959
South Africa,M,26,"No injury, shark leapt at him",N,No injury,14,Nov,1958
Australia,F,26,"Injuries caused by coral, not the  shark",N,Unknown,15,Jun,1958
South Africa,M,26,Injuries not caused by sharks,N,Unknown,02,Jun,1958
Australia,M,21,"Disappeared while diving, speargun recovered, 2 large sharks in vicinity.",N,Unknown,19,Feb,1958
Japan,M,50,Torso recovered from 206-lb shark,N,Unknown,09,Jan,1958
Sri Lanka,M,26,"FATAL, but shark involvement not confirmed",Y,Death,,,1957
USA,M,26,Right leg allegedly bitten by a bull shark,N,Minor injury,,,1955
Japan,M,13,Body found in gut of 2000-lb white shark,N,Unknown,02,Oct,1954
Italy,M,26,No injury to occupants. Shark tore nets & trawl and struck boat repeatedly,N,No injury,27,Jul,1954
USA,M,26,"Body recovered, mutilated by shark/s",N,Unknown,08,Apr,1954
Mexico,M,19,No injury,N,No injury,,Aug,1953
Guatemala,F,26,It is probable that all onboard (2 men & 2 women) died when the plane crashed into the sea & her body was scavenged by a shark,Y,Death,14,Dec,1962
South Africa,M,18,"Possibly drowned, remains recovered days later in gut of  113-kg [249-lb]  female Zambesi shark ",N,Unknown,06,Aug,1952
Mozambique,M,26,No injury,N,No injury,,,1951
Australia,M,26,Body found after a week in the water apparently bitten by shark/s,N,Minor injury,03,Jan,1951
USA,M,26,Human remains found in shark,N,Unknown,09,Jul,1950
Australia,M,26,"Szot's right hand found in a 4.5' [14.5'] tiger shark caught 3/9/1950 at Safety Bay, south of Freemantle. His body, with bullet wound in head & right hand missing, washed shore - an apparent suicide",N,Unknown,01,Mar,1950
USA,M,26,"His remains were recovered from a “huge shark” caught 3 days later. The remains of another fisherman, Harold Fujimoto, were recovered, but the body of the third fisherman, Hideo Tamura, was never found",N,Unknown,16,Jan,1950
USA,M,26,"No injury from shark, scraped chest climbing out on reef",N,No injury,,,1950
Australia,M,26,Fatal or drowning or scavenging,Y,Death,12,Nov,1949
Italy,M,17,No injury,N,No injury,17,Aug,1949
Australia,M,32,"No injury, chased by 3 sharks",N,No injury,14,Jan,1949
Greece,M,26,Shark involvement  unconfirmed,N,Unknown,,Jul,1947
Australia,M,26,Probable drowning & scavenging,N,Unknown,01,Nov,1944
North Pacific Ocean,M,26,"When picked up by the USS Boyd DD 44 on 6/23/1944 his raft was ""surrounded by sharks""",N,Unknown,23,Jun,1944
USA,M,26,"Hand, forearm, leg and pelvis recovered from 4.25 m  [14'] shark caught at Baker’s Haulover, Miami Beach on 26-Oct-1943",N,Unknown,26,Oct,1943
Mexico,M,68,"No injury, a shark made a threat display",N,No injury,,Jul,1943
Pacific Ocean,M,26,Survived,N,Unknown,27,May,1943
USA,M,26,On 29-Apr-1943 his remains (right forearm & swim trunks) were found in 4.9 m [16'] shark’s gut,N,Unknown,5,Apr,1943
Brazil,M,26,"Remains  recovered from 440-lb shark, but cause of death was probably drowning",Y,Death,08,Jun,1942
Australia,M,18,"Cause of death was drowning, shark bites were post mortem",Y,Death,04,Mar,1942
Australia,M,26,Shark involvement prior to death unconfirmed,Y,Death,05,Aug,1941
South Africa,F,26,FATAL,Y,Death,,,1940
South Africa,F,26,Leg bitten,N,Minor injury,,,1940
Australia,M,40,Abrasion above knee ,N,Unknown,28,Dec,1939
Australia,M,24,Superficial lacerations on feet & toes,N,Minor injury,14,Jan,1938
Türkiye,M,26,"No injury, no attack",N,No injury,16,Aug,1937
Australia,M,16,His body was recovered 2 days later but shark involvement prior to death was not confirmed,Y,Death,26,Mar,1937
Australia,M,43,Shark involvement prior to death was not confirmed,Y,Death,09,Mar,1937
Australia,M,26,"15' shark seen with the man's body in its mouth, but shark involvement prior to death was not confirmed",Y,Death,,,1937
Australia,M,17,Disappeared & his torn clothing washed ashore,N,Unknown,05,Jan,1936
UK,M,26,"The hooked shark didn't cut his finger, he was injured by his line",N,Unknown,24,Aug,1935
USA,M,23,"Although listed as an uprovoked fatal attack by SAF, shark bite on his ankle was post-mortem following death by drowning",Y,Death,27,Jul,1935
USA,M,53,"Although listed as  an uprovoked fatal attack by SAF, he was killed by the explosion. The shark bites were post-mortem ",Y,Death,27,Jul,1935
Australia,M,40,Captive tiger shark regurgitated his arm in the Coogee Aquarium,N,Unknown,25,Apr,1935
Australia,M,5,No injury; onlookers saw 10' shark heading for him and lifted him ashore,N,No injury,17,Jan,1935
Australia,M,26,"No injury, ""shark chased him ashore""",N,No injury,13,Jun,1933
USA,M,17,Body recovered  from 9' shark but death due to shark bite was not confirmed,Y,Death,14,Jul,1932
USA,M,26,"Swept out to sea by strong currents, his remains found in a 5.5m shark caught off Barber’s Point",N,Unknown,02,Sep,1931
USA,M,26,"""Mysteriously disappeared"" His body was found in an 18', 750-lb shark caught at Barber's Point on 01-Sep-1931",N,Unknown,30,Aug,1931
Australia,M,39,Death may have been due to drowning,Y,Death,10,Feb,1931
South Africa,M,17,"Remains of drowning victim recovered from 250-lb female ""blue fin"" shark",N,Unknown,08,Apr,1930
Cape Verde,F,26,Body of woman recovered from 15' shark,N,Unknown,17,Jul,1929
Australia,M,26,"Later found to be fiction, never happened",N,Unknown,,,1929
USA,M,26,Thumb & coat sleeve recovered from shark's gut,N,Unknown,24,Aug,1928
India,M,26,No details,N,Unknown,27,May,1928
USA,M,26,"FATAL, presumed taken by shark/s",Y,Death,,,
Spain,M,26,No injury,N,No injury,03,Jul,1926
Australia,M,26,Abrasions,N,Unknown,20,Apr,1924
Australia,M,26,Probable drowning & scavenging,N,Unknown,08,Feb,1924
Australia,M,26,FATAL,Y,Death,02,Nov,1923
Australia,M,26,"He failed to return, his body was recovered 11/9/1922; chest & abdomen had been bitten by shark/s",N,Minor injury,20,Oct,1923
Australia,M,26,Death may have been due to drowning,Y,Death,27,Jan,1923
Cuba,M,26,"Although this incident is listed elsewhere as a shark attack, the account of the disaster suggests the 4 who perished probably drowned. Five people survived",N,Unknown,14,Jan,1923
Australia,M,26,"FATAL, but shark involvement prior to death unconfirmed",Y,Death,29,Oct,1922
Australia,M,26,"Disappeared whiile swimming alone, body parts recovered, but shark involvement prior to death unconfirmed",Y,Death,02,Feb,1922
USA,M,30,Thought to have been taken by a shark. Body was not recovered,N,Unknown,14,Jul,1920
USA,F,26,"No attack,  no injury",N,No injury,13,Jul,1916
Egypt,M,26,Shark involvement not confirmed,N,Unknown,15,May,1915
New Zealand,M,26,Death may have been due to drowning,Y,Death,13,Jan,1915
USA,M,26,"Fatal, drowning or scavenging",Y,Death,,,
USA,M,26,His remains were recovered from a shark 3 years after his disappearance - Probable drowning / scavenging,N,Unknown,14,Mar,1914
USA,M,26,Man's leg recovered from 800-lb shark,N,Unknown,27,Aug,1913
USA,F,26,Female foot recovered from shark,N,Unknown,27,Aug,1913
South Africa,M,26,,N,Unknown,04,May,1912
USA,M,26,"Cause of death undetermined. 3.6 m [11'9""] shark seen carrying body. Next day, shark was killed & Antoine's entire body was found in its gut.",Y,Death,08,Nov,1911
Croatia,M,26,FATAL?,Y,Death,25,Dec,1910
USA,M,26,Presumed drowned & bodies taken by sharks,N,Unknown,16,May,1910
USA,M,26,No injury,N,No injury,,Mar,1910
USA,M,26,"Body bitten by shark/s, but death may have been due to drowning",Y,Death,,,1910
USA,F,19, Search party saw a large shark devour what appeared to be part of her body,N,Unknown,10,Apr,1909
USA,M,26,"FATAL, but shark involvement prior to death was not confirmed",Y,Death,10,May,1908
Haiti,M,26,"No attack, no injury",N,No injury,12,Oct,1907
UK,M,26," ""Struck across loins"" but no injury. According to witnesses, incident involved a bottlenose dolphin.",N,No injury,19,Sep,1907
Australia,M,26,"Disappeared, but shark involvement unconfirmed",N,Unknown,04,Jul,1907
Mozambique,M,26,Sanna may have drowned; his hand  (identified by ring on finger) found in a shark at the market,N,Unknown,,Jul,1906
Australia,M,18,Cause of death may have been downing,Y,Death,02,April,1906
New Zealand,M,26,Shark involvement prior to death was not determined,Y,Death,14,Feb,1906
Australia,M,26,"""Bad wound in the leg"" - 7-ft shark caught in the bath same day",N,Unknown,29,Dec,1905
Egypt,M,26,Probable drowning & scavenging. ,N,Unknown,24,Aug,1905
Italy,M,8,"Body recovered from shark, probable drowning and scavenging",N,Unknown,25,Jul,1905
Australia,M,23,Thought to have been taken by a shark,N,Unknown,10,Feb,1905
Australia,M,39,Reported to have been killed by a shark but 2 years later he was found very much alive,N,Unknown,01,Jan,1905
USA,M,26,Leg bitten,N,Minor injury,,,1904
South Africa,M,26,Probable drowning & scavenging,N,Unknown,,Apr,1902
South Africa,M,26,Possible drowning & scavenging. Remains were recovered from a 15' shark's gut,N,Uncertain,19,Jan,1902
Italy,M,20,"Disappeared, but shark involvement unconfirmed",N,Unknown,17,Jul,1901
Yemen,M,26,,N,Unknown,29,Jun,1901
South Africa,M,26,Probable drowning & scavenging,N,Unknown,27,Oct,1900
USA,M,26,"Believed drowned. Uhlbrecht’s foot, and the pelvis & femur of another person recovered in gut of tiger shark shark caught on 17-Aug-1900",N,Unknown,14,Jul,1900
New Zealand,M,26,FATAL,Y,Death,02,Jun,1899
Philippines,M,26,FATAL,Y,Death,28,May,1899
Australia,F,13,Drowning may mav preceded attack,N,Unknown,28,Jan,1899
USA,M,26,"""Cut up very badly""",N,Unknown,14,Aug,1898
Australia,M,26,"Reported fatal, but this is a questionable incident",Y,Death,26,Jul,1898
Crete,M,26,Unknown,N,Uncertain,,,1898
Mexico,M,26,Minor injuries,N,Unknown,15,Oct,1897
Cuba,M,26,Probable drowning & scavenging,N,Unknown,18,Sep,1895
Australia,M,26,"Fatal, probable drowning",Y,Death,04,Apr,1893
USA,M,26,"Fatal, but death may have been due to drowning",Y,Death,11,Jun,1891
South Africa,M,26,"Forensic evidence indicated death resulted from drowning, his body was subsequently scavenged by a shark",Y,Death,14,May,1890
USA,M,26,Speculated that he was taken by a shark but most likely drowned,N,Unknown,16,Nov,1889
Jamaica,M,26,Human remains recovered from a 10' to 12' shark caught in a turtle net,N,Unknown,20,Jul,1888
Australia,M,26,Probable drowning & scavenging,N,Unknown,18,Jun,1888
USA,F,26,"The body of one woman had been bitten by a shark but it is not known if she was alive at the time, the other woman disappeared",N,Minor injury,02,Jun,1886
New Zealand,M,26,Probable drowning & scavenging,N,Unknown,11,Apr,1886
New Zealand,M,26,Left leg severed. Probably confusion with GSAF 1886.01.28,N,Severe injury,06,Mar,1886
Australia,M,26,His body was found in a tiger shark; next day other human remains found in sharks at Berry's Bay ,N,Unknown,,Mar,1886
USA,M,26,Unclear if he sustained any injury from the 7' shark,N,Unknown,18,Aug,1884
USA,M,26,"Body found with arm severed by shark, but shark involvement prior to death was uncomfirmed",Y,Death,,,1883
Australia,M,26,Shark involvement suspected but not confirmed,N,Unknown,13,Nov,1881
USA,M,18,FATAL,Y,Death,16,Oct,1881
Mexico,M,26,"Human remains recovered from a 15' shark, probable scavenging",N,Unknown,07,May,1880
Syria,M,26,FATAL ,Y,Death,,,1880
USA,M,26,"Drowned, body scavenged by shark",N,Unknown,,,
Australia,M,26,Partial  remains found in shark,N,Unknown,10,Mar,1879
Indian Ocean,M,26,Partial human remains found in 13' shark,N,Unknown,28,Aug,1877
South Africa,M,26,"Although his body was bitten by a shark/s, bruises on his neck & face suggested foul play & a shipmate taken into custody but no charges made",N,Minor injury,04,Jan,1877
Australia,M,26,Forehead bitten,N,Minor injury,20,Jan,1875
Australia,M,26,FATAL,Y,Death,09,Jun,1873
Azores,M,26,"No injury, but according to Fosdyk, captain & crew were killed by sharks",N,No injury,24,Nov,1872
Croatia,M,26,No injury,N,No injury,07,Aug,1872
Fiji,M,26,Probable drowning,N,Unknown,28,Jan,1872
Australia,M,26,Human remains recovered from 11' shark,N,Unknown,11,Dec,1871
Guyana,M,26,FATAL,Y,Death,13,May,1871
Australia,M,26,Thought to have been taken by a shark. Body was not recovered,N,Unknown,24,Apr,1866
China,M,26,No injury,N,No injury,09,Apr,1864
Australia,M,26,Presumed FATAL,Y,Death,,,1864
South Africa,M,26,3.2 m [10.5'] shark caught 9 days later contained human remains thought to be those of Canham,N,Unknown,05,Feb,1863
Spain,M,26,Possible drowning and scavenging,N,Uncertain,02,Aug,1862
USA,M,26,Thought to have been taken by a shark/s. Bodies not  recovered,N,Unknown,23,Aug,1858
USA,M,26,Thought to have been taken by a shark/s. Body not  recovered,N,Unknown,17,Aug,1858
USA,M,26, His gold watch was later found in a shark but death may have been due to drowning,Y,Death,,,1853
Australia,M,26,Shark involvement prior to death was not confirmed,Y,Death,19,Dec,1852
Atlantic Ocean,F,1,Death preceded shark involvement,Y,Death,28,Jul,1952
Australia,M,26,Torso bitten but may have been postmortem,N,Minor injury,27,Jan,1849
USA,M,26,Human remains recovered from 4.9 m shark,N,Unknown,17,Jul,1848
USA,M,26,"Disappeared, thought to have been taken by a shark",N,Unknown,,,1847
Australia,M,26,"""Drowned, 2 days later his head was bitten off by a shark""",N,Minor injury,17,Nov,1839
USA,M,26,7.6 m [25'] shark caught contained human remains,N,Unknown,,,
Australia,M,26,"Drowned, no shark involvement",N,Unknown,,,
Spain,M,26,No injury / No attack,N,No injury,08,Jul,1819
Norway,M,26,Probable drowning ,N,Unknown,22,May,1818
USA,M,26,Shark scavenged on the dead sailors,N,Unknown,,,
USA,M,26, human remains (male) found in shark’s gut,N,Unknown,,Sep,1805
France,M,26,Lacerations to arm & leg,N,Minor injury,,,1767
Roatan,M,26,Struck on thigh,N,Unknown,,,1723
USA,M,26,"A 4.3 m [14'] shark made threat display. No injury, no attack",N,No injury,,,
